Pos,Name,BV,SV,Team,2_xMins,2_Pts,3_xMins,3_Pts,4_xMins,4_Pts,5_xMins,5_Pts,6_xMins,6_Pts,7_xMins,7_Pts
G,Leno,5.0,5.0,Arsenal,88,3.321,87,3.106,86,4.018,86,3.788,86,3.531,85,3.506
G,Rúnarsson,4.0,4.0,Arsenal,0,0,2,0.071,2,0.093,2,0.088,2,0.082,2,0.082
M,Willian,6.4,6.4,Arsenal,7,0.284,4,0.15,5,0.318,6,0.319,5,0.257,7,0.335
F,Aubameyang,9.9,9.9,Arsenal,53,2.158,72,2.767,72,4.744,75,3.957,72,3.703,73,3.488
D,Cédric,4.5,4.5,Arsenal,4,0.112,4,0.076,5,0.24,4,0.163,7,0.249,8,0.277
F,Lacazette,8.4,8.4,Arsenal,39,1.608,59,2.236,59,3.873,57,3.041,56,2.912,58,2.806
M,Xhaka,5.0,5.0,Arsenal,85,2.176,81,1.943,76,2.678,77,2.361,73,2.153,72,2.079
D,Marí,4.5,4.5,Arsenal,47,1.251,36,0.621,33,1.581,35,1.419,40,1.378,39,1.313
D,Bellerín,4.9,4.9,Arsenal,49,1.328,47,0.821,47,2.314,44,1.83,44,1.555,45,1.541
D,Chambers,4.5,4.5,Arsenal,43,1.243,41,0.778,40,2.136,45,1.988,43,1.618,43,1.557
D,Kolasinac,4.5,4.5,Arsenal,1,0.028,2,0.038,3,0.15,5,0.206,5,0.179,6,0.206
M,Elneny,4.5,4.5,Arsenal,0,0,0,0,0,0,0,0,0,0,0,0
M,Maitland-Niles,5.5,5.5,Arsenal,0,0,0,0,0,0,0,0,0,0,0,0
D,Holding,4.5,4.5,Arsenal,45,1.2,66,1.123,62,2.979,66,2.67,60,2.076,60,2.026
M,Partey,5.0,5.0,Arsenal,6,0.162,24,0.62,68,2.553,68,2.201,65,2.026,70,2.1
D,Tierney,5.0,5.0,Arsenal,86,2.467,84,1.555,83,4.424,80,3.576,80,3.045,77,2.841
M,Pépé,7.4,7.4,Arsenal,73,3.163,68,2.595,66,4.508,64,3.522,66,3.462,63,3.092
M,Torreira,4.5,4.5,Arsenal,4,0.12,4,0.115,1,0.036,1,0.033,3,0.096,2,0.063
M,Willock,6.0,6.0,Newcastle,61,2.253,60,2.482,63,1.967,57,2.366,59,2.265,59,2.16
F,Nketiah,5.5,5.5,Arsenal,0,0,0,0,0,0,0,0,1,0.062,0,0
M,Smith Rowe,5.5,5.5,Arsenal,68,2.501,63,2.114,63,3.413,59,2.677,59,2.568,58,2.385
M,Saka,6.5,6.5,Arsenal,58,2.361,51,1.887,53,3.308,53,2.717,52,2.55,53,2.433
D,Gabriel,5.0,5.0,Arsenal,29,0.792,28,0.496,27,1.301,27,1.1,26,0.908,26,0.884
D,Mavropanos,4.5,4.5,Arsenal,0,0,0,0,0,0,0,0,0,0,0,0
M,Guendouzi,4.5,4.5,Arsenal,0,0,0,0,0,0,0,0,0,0,0,0
M,Martinelli,5.5,5.5,Arsenal,36,1.503,27,1.045,27,1.761,28,1.472,30,1.509,29,1.389
D,Saliba,4.5,4.5,Arsenal,0,0,0,0,0,0,0,0,0,0,0,0
G,Steer,4.0,4.0,Aston Villa,0,0,0,0,1,0.035,1,0.041,1,0.035,2,0.072
M,Hourihane,5.0,5.0,Aston Villa,0,0,0,0,0,0,0,0,0,0,0,0
G,Martínez,5.5,5.5,Aston Villa,89,3.933,88,3.769,87,3.134,87,3.665,87,3.162,86,3.187
D,Engels,4.5,4.5,Aston Villa,0,0,0,0,0,0,0,0,0,0,0,0
M,Traoré,6.0,6.0,Aston Villa,22,1.207,19,1.014,20,0.732,22,1.106,21,0.821,24,0.98
M,Grealish,8.0,8.0,Man City,67,4.881,56,3.48,54,2.823,54,3.783,52,2.251,51,2.355
M,Sanson,5.0,5.0,Aston Villa,0,0,0,0,0,0,0,0,0,0,0,0
M,McGinn,6.0,6.0,Aston Villa,85,3.245,80,2.996,80,2.147,77,2.745,77,2.199,76,2.286
D,Hause,4.5,4.5,Aston Villa,1,0.04,3,0.117,4,0.07,6,0.215,8,0.149,8,0.191
M,Trézéguet,5.5,5.5,Aston Villa,0,0,0,0,0,0,0,0,0,0,0,0
D,Mings,5.0,5.0,Aston Villa,89,3.566,86,3.179,84,1.287,84,2.847,82,1.336,82,1.773
D,Targett,5.0,5.0,Aston Villa,87,3.533,83,3.137,82,1.308,82,2.87,80,1.361,80,1.792
F,Watkins,7.5,7.5,Aston Villa,36,1.932,52,2.717,52,1.852,49,2.44,48,1.868,47,1.911
M,Nakamba,4.5,4.5,Aston Villa,45,1.412,30,0.952,29,0.779,30,0.928,34,0.922,32,0.894
M,El Ghazi,6.0,6.0,Aston Villa,52,3.153,49,2.918,47,1.778,48,2.659,51,2.066,49,2.142
M,Buendía,6.5,6.5,Aston Villa,73,3.73,71,3.538,70,2.27,69,3.223,68,2.387,67,2.491
D,Cash,5.0,5.0,Aston Villa,87,3.648,84,3.279,81,1.316,82,2.949,82,1.429,79,1.813
D,Konsa,5.0,5.0,Aston Villa,88,3.517,86,3.204,85,1.38,84,2.902,81,1.393,81,1.817
D,Guilbert,4.5,4.5,Aston Villa,2,0.08,5,0.188,7,0.118,7,0.243,6,0.108,9,0.206
F,Wesley,5.5,5.5,Aston Villa,13,0.738,10,0.561,11,0.435,9,0.484,11,0.467,11,0.488
F,Samatta,5.5,5.5,Aston Villa,0,0,0,0,0,0,0,0,0,0,0,0
F,Davis,4.5,4.5,Aston Villa,0,0,1,0.053,2,0.078,3,0.152,3,0.124,3,0.129
M,Douglas Luiz,4.5,4.5,Aston Villa,41,1.337,72,2.282,70,1.743,70,2.136,68,1.758,70,1.876
M,Ramsey,4.5,4.5,Aston Villa,15,0.621,12,0.564,13,0.399,17,0.626,17,0.535,17,0.554
D,Young,5.0,5.0,Aston Villa,0,0,0,0,0,0,0,0,0,0,0,0
M,Lallana,5.5,5.5,Brighton,44,2.024,46,1.936,44,1.756,41,1.615,41,1.681,41,1.671
G,Steele,4.0,4.0,Brighton,0,0,0,0,0,0,1,0.041,0,0,3,0.127
M,Groß,6.0,6.0,Brighton,81,4.535,78,4.032,71,3.456,71,3.389,67,3.314,68,3.374
D,Duffy,4.0,4.0,Brighton,64,3.31,42,1.802,32,1.221,33,1.212,28,1.239,33,1.28
M,Pröpper,4.5,4.5,Brighton,0,0,0,0,0,0,0,0,0,0,0,0
D,Burn,4.5,4.5,Brighton,0,0,0,0,0,0,0,0,0,0,0,0
D,Dunk,5.0,5.0,Brighton,88,4.71,87,3.845,86,3.363,82,3.055,82,3.726,79,3.134
M,March,5.5,5.5,Brighton,83,3.222,81,2.891,81,2.788,77,2.651,76,2.725,75,2.661
D,Webster,4.5,4.5,Brighton,86,4.12,83,3.263,82,2.886,82,2.798,79,3.257,79,2.832
D,Veltman,4.5,4.5,Brighton,48,2.292,77,3.008,74,2.581,72,2.427,72,2.927,69,2.428
F,Maupay,6.5,6.5,Brighton,82,4.151,79,3.739,76,3.465,73,3.29,71,3.264,74,3.469
M,Trossard,6.5,6.5,Brighton,70,3.517,70,3.177,66,2.899,63,2.734,61,2.721,62,2.808
G,Ryan,4.5,4.5,Brighton,0,0,0,0,0,0,0,0,0,0,0,0
M,Jahanbakhsh,5.5,5.5,Brighton,0,0,0,0,0,0,0,0,0,0,0,0
D,White,4.5,4.5,Arsenal,86,2.211,81,1.317,82,3.812,78,3.076,77,2.57,77,2.526
D,Bernardo,4.0,4.0,Brighton,0,0,0,0,0,0,0,0,0,0,0,0
G,Sánchez,4.5,4.5,Brighton,89,4.344,88,3.918,88,3.752,86,3.629,86,3.93,85,3.657
M,Bissouma,4.5,4.5,Brighton,86,2.891,82,2.554,80,2.446,81,2.448,79,2.536,76,2.358
D,Lamptey,4.5,4.5,Brighton,0,0,0,0,28,1.017,54,1.894,68,2.873,70,2.6
F,Connolly,5.5,5.5,Brighton,48,2.456,52,2.501,41,1.928,36,1.7,31,1.503,27,1.335
M,Alzate,5.0,5.0,Brighton,1,0.04,1,0.037,2,0.074,2,0.072,7,0.262,1,0.037
M,Mac Allister,5.5,5.5,Brighton,36,1.633,35,1.462,34,1.36,28,1.146,26,1.114,26,1.102
M,Moder,4.5,4.5,Brighton,1,0.041,1,0.038,2,0.074,0,0,1,0.038,1,0.037
D,Jansson,4.5,4.5,Brentford,88,3.113,84,2.167,83,2.905,83,2.54,82,1.637,80,1.882
M,Nørgaard,5.0,5.0,Brentford,85,2.602,81,2.363,78,2.452,78,2.331,78,2.145,78,2.221
F,Toney,6.5,6.5,Brentford,86,4.333,82,4.25,82,4.334,80,3.905,79,3.447,77,3.69
M,Fosu,5.4,5.4,Brentford,6,0.256,6,0.257,5,0.221,7,0.292,7,0.271,7,0.286
G,Raya,4.5,4.5,Brentford,89,3.777,87,3.257,87,3.645,87,3.432,87,3.118,86,3.165
M,Canós,5.5,5.5,Brentford,44,1.979,49,2.048,48,2.112,45,1.852,45,1.689,47,1.859
M,Dasilva,5.5,5.5,Brentford,0,0,0,0,0,0,0,0,0,0,0,0
D,Henry,4.5,4.5,Brentford,59,2.262,55,1.566,53,2.018,54,1.788,55,1.227,53,1.378
M,Janelt,5.0,5.0,Brentford,79,2.329,77,2.173,77,2.305,74,2.138,74,1.974,72,1.996
M,Ghoddos,5.5,5.5,Brentford,44,1.803,44,1.774,45,1.891,43,1.707,46,1.651,43,1.662
M,Jensen,5.0,5.0,Brentford,0,0,0,0,0,0,0,0,0,0,0,0
D,Goode,4.0,4.0,Brentford,3,0.11,5,0.14,6,0.216,8,0.259,9,0.2,9,0.228
F,Forss,5.5,5.5,Brentford,4,0.203,5,0.262,7,0.366,8,0.416,9,0.424,10,0.482
D,Roerslev,4.5,4.5,Brentford,50,1.953,52,1.505,52,1.998,51,1.713,55,1.241,53,1.395
D,Sørensen,4.5,4.5,Brentford,34,1.239,38,1.03,40,1.438,42,1.335,38,0.81,43,1.067
D,Pinnock,4.5,4.5,Brentford,85,3.262,82,2.312,82,3.073,79,2.6,79,1.739,77,1.976
G,Balcombe,4.0,4.0,Brentford,0,0,0,0,0,0,0,0,0,0,0,0
M,Zamburek,4.5,4.5,Brentford,47,1.687,47,1.648,47,1.705,50,1.716,49,1.561,50,1.656
G,Gunnarsson,4.0,4.0,Brentford,0,0,1,0.037,0,0,0,0,0,0,2,0.074
F,Dervişoğlu,5.5,5.5,Brentford,6,0.29,8,0.402,9,0.448,9,0.433,10,0.448,12,0.561
M,Mbeumo,5.5,5.5,Brentford,81,4.02,80,3.91,76,3.93,77,3.687,76,3.227,74,3.355
M,Bidstrup,4.5,4.5,Brentford,6,0.208,8,0.272,8,0.28,9,0.3,9,0.289,11,0.362
D,Tarkowski,5.0,5.0,Burnley,89,1.295,86,2.694,85,2.242,82,2.508,81,1.741,82,3.611
D,Bardsley,4.0,4.0,Burnley,1,0.015,3,0.087,14,0.353,18,0.511,9,0.185,9,0.363
D,Pieters,4.5,4.5,Burnley,2,0.032,6,0.177,6,0.156,10,0.293,22,0.476,12,0.491
M,Cork,4.5,4.5,Burnley,70,1.806,67,2.107,67,1.927,65,1.967,67,1.85,67,2.274
M,Stephens,4.5,4.5,Burnley,0,0,0,0,0,0,0,0,0,0,0,0
D,Long,4.0,4.0,Burnley,0,0,0,0,0,0,0,0,0,0,0,0
F,Rodriguez,5.5,5.5,Burnley,30,1.089,32,1.59,32,1.32,35,1.547,34,1.335,36,1.883
F,Barnes,5.5,5.5,Burnley,12,0.435,14,0.692,17,0.697,20,0.869,18,0.703,17,0.899
D,Mee,5.0,5.0,Burnley,89,1.334,84,2.614,84,2.23,83,2.536,83,1.796,81,3.566
M,Westwood,5.5,5.5,Burnley,87,2.24,84,2.808,80,2.409,82,2.583,80,2.289,78,2.936
M,Gudmundsson,5.5,5.5,Burnley,45,1.385,47,1.865,51,1.763,51,1.877,53,1.733,51,2.2
F,Wood,7.0,7.0,Burnley,79,2.789,77,4.174,76,3.248,74,3.515,71,2.842,73,4.23
D,Lowton,4.5,4.5,Burnley,88,1.298,86,2.634,85,2.229,81,2.454,81,1.739,81,3.507
F,Vydra,5.5,5.5,Burnley,42,1.514,43,2.184,43,1.796,44,1.967,45,1.77,44,2.341
G,Pope,5.5,5.5,Burnley,89,3.222,88,3.604,87,3.376,87,3.499,86,3.205,86,3.987
D,Taylor,4.5,4.5,Burnley,87,1.3,83,2.492,83,2.176,80,2.41,80,1.732,78,3.32
G,Norris,4.5,4.5,Burnley,0,0,0,0,0,0,0,0,0,0,0,0
M,Brownhill,4.5,4.5,Burnley,66,1.902,66,2.432,64,2.083,63,2.19,62,1.923,62,2.49
M,Benson,4.5,4.5,Burnley,0,0,0,0,0,0,0,0,0,0,0,0
G,Peacock-Farrell,4.5,4.5,Burnley,0,0,0,0,0,0,0,0,0,0,0,0
M,McNeil,6.0,6.0,Burnley,85,2.445,84,3.254,79,2.685,79,2.865,78,2.503,79,3.399
D,Azpilicueta,6.0,6.0,Chelsea,54,2.466,50,1.588,52,2.801,53,2.183,52,1.923,53,2.99
F,Giroud,6.5,6.5,Chelsea,0,0,0,0,0,0,0,0,0,0,0,0
D,Thiago Silva,5.5,5.5,Chelsea,52,2.278,54,1.652,56,2.902,50,1.998,55,1.966,52,2.798
D,Alonso,5.6,5.6,Chelsea,35,2.095,38,1.612,37,2.774,35,1.903,38,1.855,39,3.028
M,Jorginho,6.0,6.0,Chelsea,68,2.413,71,2.184,68,2.821,68,2.294,65,2.122,67,2.831
M,Barkley,5.5,5.5,Chelsea,1,0.045,1,0.04,0,0,1,0.043,1,0.041,1,0.054
M,Kovacic,5.0,5.0,Chelsea,52,1.892,45,1.467,47,1.966,47,1.644,43,1.456,43,1.833
F,Batshuayi,5.5,5.5,Chelsea,0,0,0,0,0,0,0,0,0,0,0,0
D,Rüdiger,5.5,5.5,Chelsea,82,3.702,80,2.48,79,4.257,78,3.198,77,2.796,75,4.211
D,Zouma,5.5,5.5,Chelsea,41,1.888,37,1.185,39,2.118,40,1.661,38,1.413,45,2.544
G,Arrizabalaga,5.0,5.0,Chelsea,1,0.044,1,0.039,2,0.096,2,0.085,3,0.123,3,0.147
M,Kanté,5.0,5.0,Chelsea,32,1.146,38,1.206,39,1.6,41,1.397,42,1.367,40,1.636
M,Ziyech,7.4,7.4,Chelsea,0,0,6,0.264,27,1.719,25,1.211,28,1.285,27,1.77
M,Loftus-Cheek,5.5,5.5,Chelsea,1,0.042,1,0.037,2,0.098,2,0.08,2,0.076,3,0.148
D,Christensen,5.0,5.0,Chelsea,50,2.056,52,1.49,50,2.404,50,1.869,50,1.671,49,2.456
F,Werner,9.0,9.0,Chelsea,45,2.379,42,1.969,39,2.569,40,2.025,41,1.98,40,2.684
D,Chilwell,6.0,6.0,Chelsea,60,3.031,56,1.965,56,3.454,58,2.658,55,2.264,54,3.433
F,Abraham,6.5,6.5,Chelsea,0,0,0,0,0,0,0,0,0,0,0,0
M,Pulisic,8.0,8.0,Chelsea,52,2.597,49,2.108,48,2.956,48,2.267,46,2.049,45,2.816
M,Mount,7.5,7.5,Chelsea,75,3.906,73,3.179,68,4.436,67,3.306,69,3.168,68,4.516
D,Ampadu,4.5,4.5,Chelsea,0,0,0,0,0,0,1,0.038,1,0.034,1,0.049
M,Hudson-Odoi,5.5,5.5,Chelsea,9,0.448,10,0.433,7,0.421,8,0.38,7,0.313,8,0.487
M,Havertz,8.4,8.4,Chelsea,58,3.181,56,2.589,55,3.889,54,2.81,48,2.353,57,4.008
D,James,5.5,5.5,Chelsea,73,3.918,74,2.77,71,4.714,69,3.359,69,3.032,67,4.6
G,Mendy,6.0,6.0,Chelsea,88,4.013,88,3.488,87,4.243,87,3.8,86,3.644,85,4.255
M,Gallagher,5.5,5.5,Crystal Palace,28,1.098,25,0.861,31,1.092,26,0.798,26,0.966,26,0.929
M,Gilmour,4.5,4.5,Norwich,70,1.691,68,1.872,67,1.772,64,1.999,65,1.77,66,1.9
G,Guaita,4.5,4.5,Crystal Palace,89,3.807,87,3.207,86,3.288,85,2.996,87,3.627,86,3.288
D,Tomkins,4.5,4.5,Crystal Palace,0,0,1,0.025,1,0.029,1,0.016,6,0.213,3,0.087
M,McArthur,4.5,4.5,Crystal Palace,79,2.715,75,2.241,75,2.297,75,1.988,73,2.412,71,2.221
F,Benteke,6.5,6.5,Crystal Palace,74,3.428,73,2.835,68,2.809,68,2.344,68,3.047,68,2.875
D,Kouyaté,4.5,4.5,Crystal Palace,83,3.113,81,1.964,78,2.229,80,1.118,78,2.798,77,2.192
D,Kelly,4.0,4.0,Crystal Palace,7,0.264,8,0.204,11,0.327,10,0.156,15,0.543,13,0.381
M,Milivojevic,5.5,5.5,Crystal Palace,27,1.149,46,1.647,42,1.571,39,1.222,41,1.621,40,1.513
F,Ayew,6.0,6.0,Crystal Palace,73,2.915,70,2.424,68,2.415,64,2.008,60,2.274,61,2.248
M,Zaha,7.0,7.0,Crystal Palace,85,4.225,82,3.243,82,3.38,79,2.656,78,3.527,75,3.194
M,Schlupp,5.5,5.5,Crystal Palace,62,2.312,59,1.939,56,1.913,54,1.589,53,1.92,52,1.799
G,Butland,4.5,4.5,Crystal Palace,0,0,1,0.037,2,0.077,3,0.106,0,0,0,0
M,Riedewald,5.0,5.0,Crystal Palace,71,2.204,67,1.885,62,1.809,64,1.643,62,1.901,62,1.798
D,Jach,4.5,4.5,Crystal Palace,0,0,0,0,0,0,1,0.016,1,0.035,1,0.029
F,Mateta,5.5,5.5,Crystal Palace,20,1.011,22,0.955,22,0.972,23,0.879,21,0.994,22,0.986
M,Eze,6.0,6.0,Crystal Palace,0,0,0,0,0,0,0,0,0,0,0,0
D,Ferguson,4.5,4.5,Crystal Palace,0,0,0,0,0,0,0,0,0,0,0,0
D,Mitchell,4.5,4.5,Crystal Palace,89,3.316,85,2.051,84,2.389,83,1.16,80,2.836,79,2.238
M,Delph,4.5,4.5,Everton,0,0,0,0,0,0,0,0,0,0,0,0
M,Sigurdsson,7.0,7.0,Everton,0,0,0,0,0,0,0,0,0,0,0,0
D,Coleman,5.0,5.0,Everton,78,2.297,75,2.512,72,3.484,73,2.28,73,3.539,69,1.44
M,James,7.0,7.0,Everton,56,3.012,63,3.052,61,3.84,61,3.199,61,4.126,59,2.456
M,Bernard,5.5,5.5,Everton,0,0,0,0,0,0,0,0,0,0,0,0
D,Digne,5.5,5.5,Everton,88,3.036,85,3.148,85,4.616,83,2.971,82,4.555,81,1.883
D,Keane,5.0,5.0,Everton,78,2.306,79,2.662,75,3.639,77,2.424,72,3.506,73,1.542
G,Pickford,5.0,5.0,Everton,89,3.461,88,3.584,87,4.102,87,3.431,85,3.923,86,3.1
M,Allan,4.5,4.5,Everton,85,2.326,83,2.262,80,2.571,79,2.196,78,2.599,78,1.948
M,André Gomes,5.0,5.0,Everton,9,0.301,9,0.294,13,0.484,16,0.537,14,0.522,17,0.513
M,Doucouré,5.5,5.5,Everton,83,2.692,81,2.522,79,3.008,78,2.532,77,3.086,76,2.157
M,Iwobi,6.0,6.0,Everton,33,1.403,32,1.282,32,1.543,31,1.31,32,1.628,37,1.33
D,Mina,5.0,5.0,Everton,33,0.999,30,1.016,34,1.666,32,1.027,32,1.585,33,0.71
M,Davies,5.0,5.0,Everton,2,0.064,3,0.094,6,0.212,5,0.16,6,0.22,6,0.177
F,Calvert-Lewin,8.0,8.0,Everton,82,3.994,80,3.425,78,4.23,77,3.638,76,4.492,75,2.857
D,Holgate,4.5,4.5,Everton,37,0.992,40,1.227,39,1.754,40,1.154,41,1.857,44,0.842
D,Godfrey,5.0,5.0,Everton,41,1.176,46,1.504,49,2.294,49,1.492,51,2.389,51,1.049
F,Richarlison,7.6,7.6,Everton,78,3.736,75,3.169,76,4.026,74,3.432,74,4.264,69,2.623
G,Virgínia,4.0,4.0,Everton,0,0,0,0,0,0,0,0,0,0,0,0
M,Hernández,5.5,5.5,Leeds,0,0,0,0,0,0,0,0,0,0,0,0
G,Casilla,4.5,4.5,Leeds,0,0,0,0,0,0,0,0,0,0,0,0
D,Cooper,4.5,4.5,Leeds,80,2.545,71,2.412,66,1.303,65,2.005,63,1.936,65,2.724
D,Ayling,4.5,4.5,Leeds,86,2.995,83,3.057,78,1.714,78,2.649,79,2.692,77,3.587
M,Klich,5.5,5.5,Leeds,73,2.849,73,2.825,72,2.409,72,2.825,69,2.762,68,3.049
F,Rodrigo,6.5,6.5,Leeds,47,2.333,50,2.307,45,1.962,48,2.503,49,2.547,50,2.876
M,Dallas,5.5,5.5,Leeds,82,2.859,78,2.739,79,2.414,76,2.685,76,2.709,76,3.011
F,Bamford,8.0,8.0,Leeds,80,4.574,78,4.356,76,3.564,74,4.297,74,4.378,72,4.71
D,Llorente,4.5,4.5,Leeds,0,0,21,0.739,61,1.24,63,2.019,63,2.004,63,2.735
M,Phillips,5.0,5.0,Leeds,76,2.438,74,2.391,72,2.054,70,2.291,72,2.376,70,2.573
M,Costa,5.5,5.5,Leeds,22,0.997,23,1.039,25,0.977,25,1.131,27,1.224,29,1.439
M,Roberts,5.0,5.0,Leeds,21,0.92,22,0.954,24,0.91,27,1.182,27,1.27,27,1.344
D,Koch,4.5,4.5,Leeds,46,1.576,44,1.617,40,0.881,39,1.326,41,1.386,42,1.92
M,Poveda,4.5,4.5,Leeds,2,0.09,4,0.175,5,0.198,4,0.183,7,0.319,7,0.356
M,Raphinha,6.5,6.5,Leeds,81,4.494,80,4.357,50,2.331,76,4.31,76,4.371,75,4.866
M,Shackleton,4.5,4.5,Leeds,1,0.034,1,0.034,1,0.032,2,0.069,2,0.069,2,0.074
D,Struijk,4.5,4.5,Leeds,62,2.083,56,2.003,39,0.829,41,1.347,40,1.296,44,1.935
G,Meslier,5.0,5.0,Leeds,89,3.702,88,3.778,87,3.199,88,3.627,86,3.483,86,3.88
G,Schmeichel,5.0,5.0,Leicester,89,3.496,88,3.91,87,3.256,87,3.68,87,4.2,86,3.886
D,Evans,5.5,5.5,Leicester,0,0,0,0,30,0.762,65,2.36,79,3.994,78,3.438
M,Albrighton,5.5,5.5,Leicester,25,1.048,27,1.26,27,1.002,30,1.214,28,1.392,30,1.339
M,Mendy,4.5,4.5,Leicester,1,0.03,4,0.13,2,0.058,3,0.092,4,0.135,4,0.128
G,Ward,4.0,4.0,Leicester,0,0,0,0,1,0.038,1,0.043,1,0.049,2,0.091
F,Vardy,10.5,10.5,Leicester,77,4.271,76,4.827,76,3.496,72,3.791,72,4.867,73,4.298
M,Praet,5.0,5.0,Leicester,3,0.109,3,0.119,3,0.101,3,0.109,3,0.126,5,0.194
D,Pereira,5.5,5.5,Leicester,83,2.641,79,3.495,79,2.093,78,2.907,77,3.963,76,3.395
D,Amartey,4.0,4.0,Leicester,75,2.27,74,3.159,51,1.312,30,1.088,19,0.932,23,0.991
D,Castagne,5.5,5.5,Leicester,81,2.562,77,3.401,76,2.009,74,2.763,75,3.856,73,3.273
M,Tielemans,6.5,6.5,Leicester,84,3.084,80,3.338,80,2.606,79,2.873,77,3.49,77,3.103
M,Pérez,6.0,6.0,Leicester,66,2.893,64,3.242,61,2.347,61,2.678,62,3.411,61,2.968
M,Maddison,7.0,7.0,Leicester,61,3.075,67,3.952,68,2.834,66,3.223,66,4.17,64,3.519
F,Iheanacho,7.4,7.4,Leicester,38,2.009,34,2.027,37,1.636,39,1.963,38,2.374,37,1.999
M,Choudhury,4.5,4.5,Leicester,0,0,2,0.072,2,0.062,3,0.099,4,0.155,4,0.144
M,Barnes,7.0,7.0,Leicester,78,3.789,74,4.175,71,2.929,71,3.382,70,4.25,69,3.697
M,Ndidi,5.0,5.0,Leicester,84,2.416,81,2.674,82,2.183,79,2.347,78,2.772,79,2.545
D,Söyüncü,5.0,5.0,Leicester,89,2.675,86,3.638,83,2.081,78,2.767,79,3.875,76,3.25
D,Justin,5.0,5.0,Leicester,0,0,0,0,0,0,0,0,0,0,0,0
D,Thomas,4.5,4.5,Leicester,12,0.372,18,0.76,17,0.447,20,0.723,20,0.977,22,0.945
D,Fofana,4.5,4.5,Leicester,0,0,0,0,0,0,0,0,0,0,0,0
M,Milner,5.0,5.0,Liverpool,20,1.013,23,0.887,20,0.896,22,1.106,20,0.904,22,0.833
M,Henderson,5.0,5.0,Liverpool,55,2.325,67,2.248,66,2.447,66,2.835,64,2.444,61,2.035
G,Adrián,4.5,4.5,Liverpool,0,0,1,0.041,1,0.041,2,0.1,2,0.088,3,0.117
D,Matip,5.0,5.0,Liverpool,78,4.491,74,2.651,69,2.706,73,4.179,70,3.191,69,2.218
M,Thiago,5.5,5.5,Liverpool,76,3.035,73,2.305,71,2.495,71,2.912,71,2.559,70,2.169
M,Shaqiri,6.0,6.0,Liverpool,3,0.183,3,0.141,4,0.223,4,0.245,5,0.277,5,0.227
M,Chamberlain,6.0,6.0,Liverpool,2,0.09,2,0.073,2,0.081,3,0.142,2,0.082,3,0.108
F,Firmino,9.0,9.0,Liverpool,52,2.947,53,2.38,53,2.831,57,3.302,54,2.85,56,2.462
D,van Dijk,6.5,6.5,Liverpool,86,5.159,86,3.262,85,3.541,83,4.96,81,3.879,80,2.738
M,Mané,12.0,12.0,Liverpool,81,5.88,79,4.099,77,4.873,76,5.702,75,4.808,74,3.71
G,Alisson,6.0,6.0,Liverpool,89,4.681,87,3.692,87,3.678,87,4.52,86,3.934,86,3.506
M,Fabinho,5.5,5.5,Liverpool,72,2.715,67,2.037,69,2.281,67,2.564,67,2.286,68,1.998
M,Salah,12.5,12.5,Liverpool,88,7.901,86,5.205,80,6.462,82,7.616,81,6.37,80,4.815
D,Robertson,7.0,7.0,Liverpool,0,0,0,0,28,1.29,54,3.539,79,4.123,76,2.806
F,Origi,5.0,5.0,Liverpool,2,0.13,3,0.155,4,0.243,4,0.266,5,0.298,6,0.301
M,Minamino,5.4,5.4,Liverpool,2,0.118,2,0.091,3,0.16,3,0.18,3,0.159,4,0.178
D,Alexander-Arnold,7.5,7.5,Liverpool,88,6.869,87,4.203,85,4.697,83,6.328,82,4.928,81,3.395
D,Gomez,5.0,5.0,Liverpool,2,0.098,4,0.129,6,0.205,9,0.443,11,0.439,9,0.264
M,Keita,5.0,5.0,Liverpool,30,1.468,26,0.98,27,1.158,28,1.384,31,1.346,31,1.131
M,Jota,7.5,7.5,Liverpool,56,4.047,57,2.976,72,4.534,57,4.315,54,3.521,57,2.872
D,Phillips,4.5,4.5,Liverpool,0,0,0,0,0,0,0,0,0,0,0,0
G,Kelleher,4.5,4.5,Liverpool,0,0,0,0,0,0,0,0,0,0,0,0
D,Konaté,5.4,5.4,Liverpool,11,0.574,17,0.574,20,0.725,18,0.934,22,0.918,24,0.724
M,Jones,5.0,5.0,Liverpool,3,0.135,4,0.145,4,0.161,3,0.135,4,0.162,5,0.178
D,Tsimikas,4.1,4.0,Liverpool,80,4.757,72,2.653,58,2.386,42,2.51,9,0.423,11,0.372
D,N.Williams,4.0,4.0,Liverpool,0,0,1,0.036,2,0.079,3,0.167,4,0.182,3,0.099
D,R.Williams,4.5,4.5,Liverpool,0,0,0,0,0,0,0,0,0,0,0,0
D,Davies,4.0,4.0,Liverpool,0,0,0,0,0,0,0,0,0,0,0,0
D,Walker,5.5,5.5,Man City,69,4.085,73,3.565,71,2.888,71,3.894,70,2.325,73,2.316
M,Gündogan,7.5,7.5,Man City,44,2.557,69,3.456,66,2.841,65,3.637,65,2.404,64,2.45
M,De Bruyne,12.0,12.0,Man City,65,5.624,67,4.91,66,3.942,65,5.437,64,3.12,64,3.375
D,Stones,5.5,5.5,Man City,64,4.075,71,3.751,72,3.194,72,4.268,68,2.434,70,2.41
D,Mendy,5.5,5.5,Man City,29,1.805,29,1.487,32,1.382,33,1.915,33,1.148,29,0.965
M,Mahrez,9.0,9.0,Man City,75,6.211,69,4.829,63,3.709,62,4.973,62,3.03,61,3.179
M,Sterling,11.0,11.0,Man City,68,5.117,66,4.13,72,3.734,70,5.102,62,2.773,60,2.857
D,Cancelo,6.0,6.0,Man City,70,4.931,68,3.872,66,3.07,64,4.131,62,2.273,62,2.218
G,Ederson,6.0,6.0,Man City,89,4.791,88,4.239,87,3.871,87,4.439,87,3.6,86,3.495
D,Aké,5.0,5.0,Man City,4,0.245,4,0.206,5,0.213,4,0.229,7,0.245,6,0.205
D,Laporte,5.5,5.5,Man City,27,1.607,26,1.295,26,1.082,27,1.503,24,0.823,28,0.922
G,Steffen,4.5,4.5,Man City,0,0,0,0,1,0.044,2,0.101,1,0.041,4,0.16
M,Bernardo,7.0,7.0,Man City,40,2.228,30,1.469,35,1.487,38,2.054,37,1.379,36,1.382
D,Dias,6.0,6.0,Man City,82,4.764,77,3.696,76,3.062,75,4.016,79,2.56,73,2.267
F,Jesus,8.5,8.5,Man City,41,2.985,63,4.053,62,3.368,69,4.956,67,3.004,69,3.33
D,Zinchenko,5.5,5.5,Man City,6,0.365,5,0.256,6,0.258,6,0.341,8,0.281,10,0.339
M,Foden,8.0,8.0,Man City,0,0,0,0,6,0.343,12,0.917,20,0.961,20,1.021
M,Rodrigo,5.5,5.5,Man City,84,3.865,79,3.223,76,2.69,76,3.372,75,2.35,76,2.424
M,Harrison,6.0,6.0,Leeds,76,3.372,75,3.3,75,2.784,74,3.311,72,3.247,71,3.578
M,Torres,7.0,7.0,Man City,59,5.249,61,3.966,57,3.167,53,3.97,51,2.349,53,2.572
F,Cavani,8.5,8.5,Man Utd,18,1.016,33,1.791,58,3.875,56,2.951,55,3.493,56,3.304
G,de Gea,5.0,5.0,Man Utd,80,3.445,66,2.929,51,2.411,69,2.802,69,3.075,69,3.105
M,Matic,4.5,4.5,Man Utd,9,0.313,7,0.243,8,0.302,11,0.363,8,0.293,11,0.395
M,Pogba,7.6,7.6,Man Utd,74,4.161,74,4.002,72,4.662,72,3.667,72,4.4,70,4.058
D,Maguire,5.5,5.5,Man Utd,88,3.914,85,3.909,83,4.479,82,3.075,82,4.008,78,3.75
M,Fred,5.0,5.0,Man Utd,79,2.598,76,2.512,76,2.86,73,2.276,73,2.625,72,2.524
D,Shaw,5.5,5.5,Man Utd,87,4.483,85,4.49,83,5.306,77,3.365,76,4.376,76,4.264
M,Lingard,7.0,7.0,Man Utd,7,0.365,24,1.219,23,1.389,24,1.147,25,1.433,23,1.268
M,Fernandes,12.1,12.0,Man Utd,88,6.113,87,5.889,85,7.381,83,5.279,82,6.586,80,5.956
F,Martial,7.9,7.9,Man Utd,37,1.945,47,2.368,45,2.614,40,1.94,40,2.252,46,2.414
D,Telles,5.0,5.0,Man Utd,0,0,0,0,3,0.182,7,0.302,11,0.632,8,0.437
G,Henderson,5.0,5.0,Man Utd,9,0.393,24,1.077,67,3.197,68,2.798,68,3.066,39,1.778
M,Rashford,9.5,9.5,Man Utd,0,0,0,0,0,0,0,0,0,0,0,0
M,van de Beek,5.9,5.9,Man Utd,8,0.359,8,0.351,8,0.397,9,0.368,9,0.432,10,0.455
D,Tuanzebe,4.5,4.5,Aston Villa,0,0,3,0.106,5,0.085,5,0.166,7,0.123,7,0.157
D,Lindelöf,5.0,5.0,Man Utd,57,2.322,36,1.545,34,1.665,34,1.197,34,1.514,28,1.244
M,McTominay,5.5,5.5,Man Utd,72,2.77,69,2.624,66,2.897,68,2.404,68,2.82,66,2.636
D,Bailly,5.0,5.0,Man Utd,3,0.121,5,0.21,6,0.284,7,0.241,8,0.347,10,0.445
M,James,6.0,6.0,Man Utd,20,1.056,19,0.964,17,1.037,20,0.967,22,1.264,21,1.151
D,Wan-Bissaka,5.5,5.5,Man Utd,87,3.695,85,3.763,83,4.229,82,2.932,81,3.738,79,3.633
M,Greenwood,7.5,7.5,Man Utd,74,4.443,59,3.485,69,4.784,62,3.403,65,4.229,59,3.619
D,Williams,4.0,4.0,Man Utd,2,0.082,5,0.215,6,0.298,4,0.141,2,0.09,2,0.09
M,Shelvey,5.5,5.5,Newcastle,54,1.769,54,1.979,51,1.471,52,1.873,53,1.819,52,1.72
D,Ritchie,5.0,5.0,Newcastle,76,2.353,73,3.038,72,1.254,71,2.598,69,2.664,66,2.264
D,Clark,4.5,4.5,Newcastle,75,1.999,76,2.627,70,1.053,72,2.195,70,2.341,72,2.16
G,Darlow,4.5,4.5,Newcastle,24,0.901,40,1.631,60,2.145,56,2.177,55,2.24,55,2.135
G,Dubravka,4.5,4.5,Newcastle,0,0,0,0,0,0,0,0,0,0,0,0
F,Wilson,7.5,7.5,Newcastle,83,3.977,81,4.514,81,3.052,77,4.407,75,3.747,75,3.479
M,Hendrick,5.0,5.0,Newcastle,2,0.066,4,0.14,3,0.091,6,0.211,5,0.169,5,0.164
M,Fraser,5.5,5.5,Newcastle,29,1.208,27,1.273,32,1.124,34,1.573,33,1.404,30,1.218
D,Lascelles,4.5,4.5,Newcastle,62,1.518,61,1.916,62,0.845,60,1.656,60,1.853,59,1.647
F,Gayle,5.5,5.5,Newcastle,3,0.161,4,0.247,5,0.221,8,0.469,8,0.426,7,0.345
D,Dummett,4.5,4.5,Newcastle,0,0,0,0,0,0,0,0,0,0,0,0
D,Manquillo,4.0,4.0,Newcastle,0,0,0,0,0,0,0,0,0,0,0,0
D,Krafth,4.5,4.5,Newcastle,27,0.714,29,0.975,32,0.486,34,1.002,37,1.207,35,1.033
M,Murphy,5.0,5.0,Newcastle,81,2.612,80,2.844,77,2.178,76,2.699,75,2.549,75,2.438
D,Schär,4.5,4.5,Newcastle,2,0.055,4,0.139,6,0.096,8,0.247,8,0.268,9,0.27
M,Hayden,4.5,4.5,Newcastle,79,2.182,77,2.326,77,1.902,74,2.222,75,2.189,73,2.063
F,Saint-Maximin,6.5,6.5,Newcastle,65,2.605,65,3.015,64,2.19,61,2.823,63,2.627,63,2.487
M,Almirón,5.5,5.5,Newcastle,51,1.862,50,2.049,50,1.577,53,2.178,53,2.018,52,1.892
M,S.Longstaff,4.5,4.5,Newcastle,13,0.429,14,0.492,14,0.422,16,0.559,16,0.539,17,0.554
F,Joelinton,6.0,6.0,Newcastle,32,1.37,32,1.574,34,1.252,35,1.751,37,1.688,36,1.513
D,Lewis,4.5,4.5,Newcastle,13,0.342,15,0.502,17,0.265,18,0.529,18,0.583,22,0.647
M,M.Longstaff,4.5,4.5,Newcastle,0,0,0,0,0,0,0,0,0,0,0,0
G,McGovern,4.0,4.0,Norwich,0,0,0,0,0,0,0,0,0,0,0,0
G,Krul,4.5,4.5,Norwich,89,3.191,88,3.255,87,3.098,87,3.734,86,3.129,86,3.398
F,Pukki,6.0,6.0,Norwich,79,2.65,77,3.515,75,3.109,75,4.137,73,3.168,73,3.46
M,Stiepermann,5.0,5.0,Norwich,0,0,0,0,0,0,0,0,0,0,0,0
M,Rupp,4.5,4.5,Norwich,45,1.255,42,1.397,49,1.512,46,1.716,47,1.494,42,1.431
M,McLean,5.0,5.0,Norwich,48,1.323,48,1.566,43,1.337,50,1.849,48,1.526,46,1.549
D,Hanley,4.5,4.5,Norwich,86,0.816,81,2,82,1.585,78,3.014,78,1.752,78,2.362
M,Hernández,5.0,5.0,Norwich,40,1.25,40,1.575,39,1.428,43,2.004,43,1.623,41,1.676
D,Byram,4.5,4.5,Norwich,0,0,0,0,0,0,0,0,0,0,0,0
F,Hugill,5.5,5.5,Norwich,6,0.227,7,0.341,9,0.401,9,0.52,11,0.503,10,0.502
M,Dowell,5.5,5.5,Norwich,47,1.486,50,2.015,50,1.869,49,2.422,48,1.872,48,2.036
D,Zimmermann,4.5,4.5,Norwich,4,0.043,6,0.145,8,0.153,10,0.365,9,0.199,10,0.292
M,Cantwell,5.5,5.5,Norwich,69,1.961,65,2.327,66,2.19,64,2.724,64,2.212,64,2.387
D,Aarons,4.5,4.5,Norwich,89,0.923,85,2.225,84,1.731,84,3.447,82,1.952,83,2.648
D,Sørensen,4.5,4.5,Norwich,8,0.095,12,0.323,13,0.275,15,0.615,15,0.364,16,0.509
M,Placheta,5.0,5.0,Norwich,8,0.266,7,0.281,6,0.226,10,0.469,9,0.349,10,0.414
F,Idah,5.0,5.0,Norwich,2,0.075,3,0.148,3,0.135,4,0.228,4,0.193,4,0.203
M,Martin,5.0,5.0,Norwich,0,0,0,0,0,0,0,0,0,0,0,0
D,Omobamidele,4.0,4.0,Norwich,10,0.111,17,0.433,17,0.341,17,0.651,20,0.461,18,0.551
M,Walcott,6.0,6.0,Southampton,28,1.034,34,1.436,31,1.313,33,1.065,39,1.697,34,1.142
G,Forster,4.5,4.5,Southampton,5,0.182,6,0.241,7,0.277,5,0.179,8,0.347,8,0.282
G,McCarthy,4.5,4.5,Southampton,83,3.021,82,3.285,81,3.201,83,2.964,80,3.468,80,2.817
M,Romeu,4.5,4.5,Southampton,79,2.058,77,2.256,76,2.213,75,1.769,73,2.266,73,1.764
M,Redmond,6.0,6.0,Southampton,38,1.391,38,1.619,37,1.546,42,1.316,40,1.739,43,1.372
F,Ings,8.0,8.0,Aston Villa,83,5.026,80,4.75,81,2.958,80,4.439,77,3.136,78,3.337
D,Stephens,4.5,4.5,Southampton,46,1.092,45,1.502,47,1.519,50,0.637,50,2.011,52,0.837
M,S.Armstrong,6.0,6.0,Southampton,55,1.918,55,2.228,58,2.327,55,1.644,52,2.186,58,1.759
D,Vestergaard,5.0,5.0,Leicester,14,0.466,17,0.772,12,0.336,4,0.152,2,0.103,3,0.137
M,Ward-Prowse,6.5,6.5,Southampton,86,3.139,83,3.743,83,3.703,80,2.423,79,3.75,77,2.402
D,Walker-Peters,5.0,5.0,Southampton,85,1.931,82,2.677,81,2.565,79,0.936,77,3.082,79,1.213
D,Bednarek,4.5,4.5,Southampton,75,1.586,76,2.316,75,2.221,76,0.82,73,2.716,72,1.029
F,Nlundulu,4.5,4.5,Southampton,0,0,0,0,0,0,0,0,0,0,0,0
F,Adams,7.0,7.0,Southampton,81,3.116,78,3.66,76,3.58,76,2.472,76,3.646,74,2.451
M,Tella,5.0,5.0,Southampton,38,1.34,44,1.772,45,1.8,40,1.226,42,1.759,43,1.333
M,Smallbone,4.5,4.5,Southampton,0,0,0,0,0,0,0,0,0,0,0,0
F,Obafemi,4.5,4.5,Southampton,0,0,0,0,0,0,0,0,0,0,0,0
M,Diallo,4.5,4.5,Southampton,2,0.059,4,0.126,5,0.157,5,0.139,6,0.194,7,0.197
M,Djenepo,5.5,5.5,Southampton,40,1.38,37,1.471,39,1.537,43,1.292,42,1.729,42,1.289
D,Salisu,4.5,4.5,Southampton,60,1.346,64,2.044,64,1.986,61,0.725,64,2.475,62,0.948
G,Hart,4.5,4.5,Spurs,0,0,0,0,0,0,0,0,0,0,0,0
G,Lloris,5.5,5.5,Spurs,89,3.901,88,4.314,87,3.998,87,3.407,86,3.417,86,3.8
M,Sissoko,4.5,4.5,Spurs,8,0.278,6,0.243,6,0.22,8,0.262,8,0.272,7,0.27
D,Alderweireld,5.0,5.0,Spurs,0,0,0,0,0,0,0,0,0,0,0,0
M,Lamela,6.0,6.0,Spurs,0,0,0,0,0,0,0,0,0,0,0,0
F,Kane,12.4,12.4,Spurs,47,2.836,71,5.528,65,4.198,63,3.289,64,3.689,65,4.899
D,Aurier,5.0,5.0,Spurs,0,0,0,0,0,0,1,0.034,1,0.035,1,0.048
M,Son,10.0,10.0,Spurs,86,4.584,83,5.842,82,4.84,80,3.762,79,4.084,78,5.23
D,Doherty,5.0,5.0,Spurs,73,3.004,73,3.976,68,3.157,71,2.257,69,2.288,70,3.239
D,Dier,4.5,4.5,Spurs,76,2.948,72,3.673,71,3.13,67,2.013,65,2.023,69,2.961
M,Lucas Moura,6.5,6.5,Spurs,60,2.643,61,3.419,58,2.794,57,2.261,57,2.422,57,3.044
M,Dele,6.5,6.5,Spurs,64,2.841,62,3.505,62,3.016,59,2.359,60,2.572,58,3.154
D,Davies,4.5,4.5,Spurs,7,0.268,13,0.645,14,0.605,14,0.42,17,0.526,16,0.673
M,Højbjerg,5.0,5.0,Spurs,88,2.554,86,2.987,83,2.589,81,2.218,79,2.241,78,2.593
M,Winks,4.5,4.5,Spurs,5,0.159,6,0.215,6,0.199,5,0.153,7,0.218,6,0.207
D,Sánchez,4.5,4.5,Spurs,73,2.728,68,3.334,71,3.018,69,2.01,74,2.221,68,2.8
D,Sessegnon,4.5,4.5,Spurs,8,0.391,9,0.588,11,0.607,12,0.464,12,0.499,13,0.749
M,Bergwijn,6.0,6.0,Spurs,31,1.367,35,1.921,34,1.605,37,1.465,39,1.636,34,1.791
D,Reguilón,5.0,5.0,Spurs,84,3.436,81,4.431,80,3.708,80,2.505,77,2.522,77,3.545
D,Tanganga,4.5,4.5,Spurs,36,1.357,40,1.977,43,1.851,43,1.26,41,1.24,43,1.778
M,Lo Celso,6.0,6.0,Spurs,25,0.991,22,1.127,24,1.057,27,1.014,26,1.03,27,1.308
M,Skipp,4.5,4.5,Spurs,54,1.613,44,1.5,46,1.449,49,1.384,47,1.358,51,1.628
D,Rodon,4.5,4.5,Spurs,5,0.19,6,0.292,6,0.258,8,0.241,7,0.216,8,0.331
M,Ndombele,6.0,6.0,Spurs,29,1.058,48,2.053,45,1.736,46,1.532,49,1.672,48,1.971
G,Foster,4.0,4.0,Watford,0,0,0,0,0,0,2,0.081,0,0,2,0.073
D,Rose,4.5,4.5,Watford,47,1.265,45,0.852,46,1.658,46,1.46,44,1.624,46,0.987
M,Gosling,5.0,5.0,Watford,1,0.033,1,0.032,1,0.036,1,0.036,1,0.038,2,0.068
D,Cathcart,4.5,4.5,Watford,42,1.159,45,0.884,46,1.681,43,1.365,44,1.618,45,0.975
F,Deeney,5.5,5.5,Watford,33,1.37,25,0.998,24,1.197,27,1.318,24,1.306,25,1.145
M,Cleverley,5.0,5.0,Watford,73,2.412,71,2.178,68,2.618,65,2.446,65,2.692,67,2.311
D,Femenía,4.5,4.5,Watford,11,0.318,13,0.276,11,0.423,13,0.433,13,0.507,14,0.328
F,Gray,5.5,5.5,Watford,5,0.218,2,0.083,4,0.203,4,0.202,4,0.223,5,0.239
D,Kabasele,4.5,4.5,Watford,30,0.865,28,0.584,32,1.226,32,1.072,34,1.334,33,0.769
M,Chalobah,5.0,5.0,Watford,17,0.512,38,1.068,47,1.558,49,1.582,50,1.709,49,1.473
M,Hughes,5.0,5.0,Watford,0,0,0,0,1,0.036,0,0,0,0,1,0.034
D,Troost-Ekong,4.5,4.5,Watford,83,2.26,77,1.482,76,2.752,75,2.364,73,2.667,73,1.559
F,Perica,4.5,4.5,Watford,0,0,0,0,0,0,0,0,0,0,0,0
G,Bachmann,4.5,4.5,Watford,88,3.382,87,3.105,87,3.749,86,3.455,87,3.745,86,3.123
D,Masina,4.5,4.5,Watford,42,1.219,44,0.917,42,1.65,42,1.433,44,1.784,43,1.02
M,Sema,5.5,5.5,Watford,61,2.078,55,1.77,55,2.14,53,2.047,53,2.237,55,1.966
M,Zinckernagel,5.5,5.5,Watford,0,0,0,0,0,0,0,0,0,0,0,0
F,Success,5.0,5.0,Watford,1,0.043,0,0,1,0.049,0,0,2,0.106,1,0.047
M,Dele-Bashiru,4.5,4.5,Watford,0,0,0,0,0,0,0,0,0,0,0,0
F,Fletcher,5.0,5.0,Watford,0,0,0,0,0,0,0,0,0,0,0,0
D,Sierralta,4.5,4.5,Watford,35,0.983,39,0.772,36,1.34,40,1.303,39,1.483,39,0.868
M,Quina,4.5,4.5,Watford,7,0.242,8,0.263,6,0.231,7,0.262,7,0.282,7,0.249
D,Navarro,4.0,4.0,Watford,3,0.091,5,0.111,4,0.16,4,0.141,5,0.206,4,0.101
M,Sarr,6.0,6.0,Watford,88,3.456,86,3.086,86,4.126,84,3.918,82,4.309,82,3.443
D,Ngakia,4.5,4.5,Watford,62,1.75,58,1.172,61,2.302,60,1.969,59,2.277,59,1.331
D,Wilmot,4.5,4.5,Watford,0,0,0,0,0,0,0,0,0,0,0,0
M,Hungbo,4.5,4.5,Watford,0,0,0,0,0,0,0,0,0,0,0,0
M,Louza,5.5,5.5,Watford,42,1.398,36,1.14,31,1.186,35,1.29,34,1.371,36,1.245
F,João Pedro,5.5,5.5,Watford,0,0,0,0,0,0,0,0,0,0,0,0
M,Baah,4.5,4.5,Watford,0,0,0,0,0,0,0,0,0,0,0,0
M,Noble,4.5,4.5,West Ham,3,0.102,8,0.374,10,0.403,12,0.451,13,0.519,18,0.801
G,Randolph,4.5,4.5,West Ham,0,0,0,0,0,0,0,0,0,0,0,0
G,Fabianski,5.0,5.0,West Ham,85,3.389,82,3.833,83,3.366,82,3.1,82,3.102,83,3.61
D,Ogbonna,5.0,5.0,West Ham,89,2.735,86,3.934,82,2.61,84,2.162,82,2.154,80,3.227
D,Reid,4.0,4.0,West Ham,0,0,0,0,0,0,0,0,0,0,0,0
D,Cresswell,5.5,5.5,West Ham,79,3.107,75,4.272,74,2.988,71,2.294,72,2.456,71,3.663
M,Yarmolenko,5.5,5.5,West Ham,22,1.068,24,1.334,27,1.324,29,1.275,31,1.475,31,1.719
F,Antonio,7.6,7.5,West Ham,84,4.501,78,4.807,76,4.164,76,3.719,75,4.125,74,4.628
D,Dawson,5.0,5.0,West Ham,84,2.781,83,4.053,81,2.78,79,2.191,77,2.216,76,3.352
D,Fredericks,4.5,4.5,West Ham,2,0.065,5,0.232,7,0.232,8,0.219,9,0.252,10,0.417
M,Lanzini,5.9,5.9,West Ham,13,0.573,16,0.803,18,0.814,20,0.842,20,0.913,22,1.105
D,Masuaku,4.5,4.5,West Ham,10,0.324,14,0.66,14,0.467,17,0.465,17,0.476,16,0.674
D,Coufal,5.0,5.0,West Ham,88,2.899,84,4.073,82,2.763,82,2.236,81,2.275,79,3.4
M,Benrahma,6.1,6.0,West Ham,80,3.831,77,4.331,76,3.702,74,3.209,73,3.506,72,4.021
M,Bowen,6.5,6.5,West Ham,78,3.621,76,4.14,76,3.61,74,3.157,73,3.429,72,3.924
M,Rice,5.0,5.0,West Ham,88,2.686,84,2.994,84,2.616,83,2.424,82,2.5,79,2.753
M,Soucek,6.0,6.0,West Ham,88,3.202,86,3.653,83,3.068,84,2.823,81,2.935,78,3.304
M,Fornals,6.0,6.0,West Ham,81,3.24,78,3.638,76,3.101,75,2.778,73,2.927,75,3.454
D,Diop,4.5,4.5,West Ham,5,0.157,9,0.4,14,0.446,15,0.396,16,0.427,22,0.891
D,Johnson,4.0,4.0,West Ham,0,0,0,0,0,0,0,0,0,0,0,0
M,Moutinho,5.0,5.0,Wolves,84,2.744,81,2.459,79,2.71,77,2.834,75,2.494,76,2.962
G,Patrício,5.0,5.0,Wolves,0,0,0,0,0,0,0,0,0,0,0,0
D,Boly,5.0,5.0,Wolves,17,0.573,43,1.045,64,2.359,59,2.352,65,2.025,64,2.688
D,Coady,4.5,4.5,Wolves,87,2.709,86,1.915,82,2.828,81,2.979,79,2.295,81,3.152
F,Jiménez,7.5,7.5,Wolves,84,4.082,82,3.595,80,4.09,78,4.483,76,3.799,75,4.527
D,Saïss,5.0,5.0,Wolves,62,2.135,55,1.368,48,1.846,50,2.108,47,1.532,49,2.194
D,Marçal,4.5,4.5,Wolves,76,2.519,75,1.786,75,2.77,74,2.972,72,2.226,73,3.113
D,Jonny,4.5,4.5,Wolves,0,0,0,0,0,0,0,0,0,0,0,0
M,Dendoncker,5.0,5.0,Wolves,64,2.048,54,1.647,51,1.72,51,1.825,52,1.709,52,1.942
M,Traoré,6.0,6.0,Wolves,87,3.184,82,2.784,81,3.122,80,3.377,78,2.948,77,3.431
M,Neves,5.5,5.5,Wolves,85,2.746,81,2.44,79,2.662,79,2.861,77,2.533,76,3.038
D,Semedo,5.0,5.0,Wolves,86,2.907,81,1.975,81,3.025,81,3.29,79,2.49,78,3.355
M,Podence,5.5,5.5,Wolves,0,0,0,0,0,0,0,0,0,0,0,0
D,Kilman,4.5,4.5,Wolves,20,0.664,19,0.465,14,0.518,14,0.561,17,0.536,17,0.723
M,Gibbs-White,4.5,4.5,Wolves,22,0.878,24,0.89,25,1.023,27,1.191,27,1.086,25,1.158
M,Neto,6.5,6.5,Wolves,0,0,0,0,0,0,0,0,0,0,0,0
M,Otasowie,4.5,4.5,Wolves,2,0.064,2,0.062,3,0.099,2,0.068,3,0.097,3,0.104
D,Hoever,4.0,4.0,Wolves,3,0.099,5,0.122,5,0.18,5,0.193,8,0.246,8,0.325
G,Söndergaard,4.0,4.0,Wolves,0,0,0,0,0,0,0,0,0,0,0,0
F,Fabio Silva,6.0,6.0,Wolves,17,0.824,22,0.909,26,1.184,26,1.289,30,1.354,32,1.658
D,Mosquera,4.5,4.5,Wolves,3,0.098,6,0.145,7,0.253,8,0.309,8,0.246,9,0.368
F,Welbeck,6.0,6.0,Brighton,0,0,0,0,23,1.009,42,1.86,57,2.543,56,2.543
G,Gunn,4.0,4.0,Norwich,0,0,0,0,1,0.036,1,0.043,0,0,2,0.079
M,Rashica,5.5,5.5,Norwich,63,1.927,62,2.439,65,2.349,60,2.888,59,2.23,60,2.477
F,Dennis,5.0,5.0,Watford,27,1.088,50,1.847,54,2.475,52,2.355,51,2.562,43,1.853
D,Collins,4.5,4.5,Burnley,0,0,6,0.181,0,0,0,0,1,0.023,14,0.61
G,Ruddy,4.5,4.5,Wolves,0,0,1,0.037,1,0.043,2,0.086,3,0.118,2,0.088
M,Fernandinho,5.0,5.0,Man City,9,0.374,5,0.188,6,0.206,6,0.24,7,0.22,7,0.223
D,Pollock,4.0,4.0,Watford,0,0,0,0,0,0,0,0,0,0,0,0
F,Daka,7.4,7.4,Leicester,2,0.104,4,0.232,4,0.18,6,0.303,7,0.427,4,0.224
D,Gibson,4.5,4.5,Norwich,78,0.749,75,1.839,74,1.424,76,2.907,73,1.631,74,2.226
D,Giannoulis,4.5,4.5,Norwich,88,0.903,86,2.223,84,1.705,82,3.305,82,1.929,81,2.556
M,Soumaré,5.0,5.0,Leicester,8,0.258,10,0.351,11,0.34,11,0.364,12,0.443,12,0.419
M,Mata,5.0,5.0,Man Utd,0,0,0,0,0,0,0,0,0,0,0,0
D,Perraud,5.0,5.0,Southampton,88,2.218,84,3.127,81,2.9,82,1.099,80,3.564,79,1.344
M,Trincão,6.0,6.0,Wolves,74,3.234,72,2.845,70,3.254,70,3.583,69,3.113,67,3.645
M,Mwepu,6.0,6.0,Brighton,70,2.552,73,2.438,56,1.862,42,1.413,34,1.198,38,1.321
D,Firpo,5.0,5.0,Leeds,51,1.942,49,1.937,51,1.206,45,1.667,46,1.707,47,2.344
M,Olise,5.5,5.5,Crystal Palace,0,0,0,0,16,0.583,32,1.004,44,1.687,46,1.687
D,Fernández,4.5,4.5,Newcastle,82,2.016,82,2.597,80,1.079,77,2.126,76,2.36,76,2.123
D,Tavares,4.5,4.5,Arsenal,1,0.028,2,0.038,2,0.095,3,0.122,3,0.106,4,0.137
M,Etebo,4.5,4.5,Watford,57,1.709,54,1.53,54,1.832,55,1.816,52,1.853,52,1.612
F,King,5.5,5.5,Watford,45,1.797,59,2.229,60,2.884,58,2.762,62,3.281,59,2.626
F,Mebude,4.5,4.5,Watford,0,0,0,0,0,0,0,0,0,0,0,0
D,Ait Nouri,4.5,4.5,Wolves,14,0.473,16,0.423,16,0.635,17,0.732,18,0.607,17,0.776
M,Lees-Melou,5.0,5.0,Norwich,25,0.79,28,1.078,26,0.939,28,1.257,28,1.041,31,1.226
F,Cucho,5.0,5.0,Watford,25,0.999,25,0.951,24,1.126,24,1.104,25,1.272,22,0.957
D,Bertrand,5.0,5.0,Leicester,0,0,0,0,2,0.055,2,0.074,1,0.05,2,0.088
D,Ward,4.5,4.5,Crystal Palace,83,2.977,82,1.894,80,2.191,80,1.048,78,2.666,79,2.146
G,Sá,5.0,5.0,Wolves,89,3.613,88,3.23,87,3.7,87,3.75,86,3.392,86,3.769
G,Scherpen,4.5,4.5,Brighton,0,0,0,0,0,0,0,0,0,0,0,0
D,Guéhi,4.5,4.5,Crystal Palace,77,2.784,74,1.738,74,2.049,76,1.028,73,2.521,71,1.961
M,Sambi Lokonga,5.0,5.0,Arsenal,76,2.038,61,1.59,32,1.198,30,1.005,34,1.097,31,0.98
M,Onyeka,5.0,5.0,Brentford,4,0.14,6,0.21,10,0.357,9,0.311,8,0.258,10,0.335
G,Hennessey,4.5,4.5,Burnley,0,0,1,0.039,1,0.038,2,0.078,2,0.073,3,0.135
G,Begović,4.0,4.0,Everton,0,0,0,0,1,0.047,2,0.078,3,0.138,3,0.108
M,Townsend,5.5,5.5,Everton,67,2.635,66,2.44,66,3.012,65,2.535,65,3.122,65,2.173
D,Ajer,4.5,4.5,Brentford,75,2.795,72,1.979,73,2.683,72,2.304,70,1.494,72,1.792
M,Gray,5.5,5.5,Everton,32,1.383,30,1.214,31,1.519,32,1.365,33,1.708,31,1.131
M,Sancho,9.5,9.5,Man Utd,52,2.994,49,2.745,48,3.242,49,2.587,48,3.049,54,3.218
G,Gollini,4.5,4.5,Spurs,0,0,0,0,2,0.091,1,0.039,2,0.079,2,0.088
M,Bryan,6.0,6.0,Spurs,0,0,1,0.053,1,0.046,1,0.04,1,0.042,2,0.101
D,Andersen,4.5,4.5,Crystal Palace,18,0.685,22,0.549,27,0.78,24,0.354,24,0.864,26,0.745
G,Areola,5.0,5.0,West Ham,3,0.119,6,0.28,5,0.202,6,0.226,6,0.227,5,0.217
G,Klaesson,4.5,4.5,Leeds,0,0,1,0.041,2,0.072,0,0,3,0.118,2,0.088
D,Livramento,4.0,4.0,Southampton,42,0.955,32,1.031,32,1.004,28,0.347,28,1.094,9,0.149
M,Bailey,6.5,6.5,Aston Villa,74,4.007,72,3.782,73,2.454,71,3.462,71,2.577,66,2.56
D,Clyne,4.5,4.5,Crystal Palace,0,0,2,0.05,0,0,0,0,0,0,4,0.116
D,Romero,5.0,5.0,Spurs,0,0,0,0,0,0,0,0,0,0,0,0
M,Kucka,5.5,5.5,Watford,52,1.636,43,1.282,41,1.491,45,1.587,43,1.647,40,1.325
M,Ramsey,4.5,4.5,Aston Villa,0,0,0,0,0,0,0,0,0,0,0,0
M,Philogene-Bidace,5.0,5.0,Aston Villa,0,0,0,0,0,0,0,0,0,0,0,0
D,Thompson,4.5,4.5,Brentford,0,0,0,0,0,0,0,0,1,0.022,0,0
M,Baptiste,5.0,5.0,Brentford,0,0,0,0,0,0,0,0,0,0,0,0
F,Andone,5.0,5.0,Brighton,0,0,2,0.098,0,0,0,0,0,0,3,0.144
D,Sarr,5.0,5.0,Chelsea,0,0,0,0,0,0,0,0,0,0,0,0
D,Kenny,4.5,4.5,Everton,1,0.029,1,0.033,1,0.046,1,0.031,3,0.139,3,0.065
M,Gordon,4.5,4.5,Everton,2,0.086,2,0.079,2,0.095,3,0.125,3,0.15,4,0.146
M,Gbamin,4.5,4.5,Everton,2,0.065,4,0.128,5,0.18,5,0.163,6,0.221,6,0.181
M,Dewsbury-Hall,4.5,4.5,Leicester,0,0,0,0,0,0,0,0,0,0,0,0
M,Elliott,5.5,5.5,Liverpool,2,0.114,2,0.089,3,0.155,3,0.174,3,0.156,4,0.174
M,Palmer,4.5,4.5,Man City,0,0,0,0,0,0,0,0,0,0,0,0
M,Edozie,5.0,5.0,Man City,0,0,0,0,0,0,0,0,0,0,0,0
G,Heaton,4.0,4.0,Man Utd,0,0,0,0,0,0,0,0,0,0,0,0
D,Dalot,4.5,4.5,Man Utd,0,0,0,0,0,0,0,0,0,0,0,0
M,Pereira,5.0,5.0,Man Utd,0,0,0,0,0,0,0,0,0,0,0,0
M,Elanga,5.0,5.0,Man Utd,0,0,0,0,0,0,0,0,0,0,0,0
G,Woodman,4.5,4.5,Newcastle,65,2.425,48,1.942,29,1.031,33,1.272,34,1.372,34,1.311
G,Gillespie,4.0,4.0,Newcastle,0,0,0,0,0,0,0,0,0,0,0,0
D,Mumba,4.0,4.0,Norwich,0,0,2,0.051,0,0,0,0,0,0,2,0.061
F,Sargent,5.5,5.5,Norwich,0,0,0,0,0,0,0,0,0,0,0,0
M,Elyounoussi,5.5,5.5,Southampton,0,0,0,0,0,0,0,0,0,0,0,0
F,Broja,5.0,5.0,Southampton,0,0,0,0,0,0,0,0,0,0,0,0
F,Long,5.5,5.5,Southampton,2,0.09,4,0.211,6,0.314,5,0.194,5,0.266,6,0.232
F,Scarlett,4.5,4.5,Spurs,0,0,0,0,0,0,0,0,0,0,0,0
D,Alves,4.0,4.0,West Ham,0,0,0,0,0,0,0,0,0,0,0,0
M,Coventry,4.5,4.5,West Ham,0,0,0,0,0,0,0,0,0,0,0,0
F,Cutrone,5.0,5.0,Wolves,0,0,0,0,0,0,0,0,0,0,0,0
M,Wissa,6.0,6.0,Brentford,0,0,0,0,0,0,0,0,0,0,0,0
F,A.Armstrong,6.0,6.0,Southampton,82,3.407,81,4.124,78,3.98,79,2.692,78,4.07,75,2.627
M,Chukwuemeka,4.5,4.5,Aston Villa,0,0,0,0,0,0,0,0,0,0,0,0
D,Chalobah,5.0,5.0,Chelsea,0,0,0,0,0,0,0,0,0,0,0,0
M,Tzolis,5.0,5.0,Norwich,0,0,0,0,0,0,0,0,0,0,0,0
F,Lukaku,11.5,11.5,Chelsea,57,3.4,79,3.951,76,5.758,76,4.183,74,3.851,74,5.688
F,Balogun,5.0,5.0,Arsenal,23,1.009,15,0.627,13,0.838,17,0.909,16,0.851,15,0.738
M,Nelson,5.0,5.0,Arsenal,0,0,0,0,0,0,0,0,0,0,0,0
G,Hein,4.0,4.0,Arsenal,0,0,0,0,0,0,0,0,0,0,0,0
F,Richardson,4.5,4.5,Burnley,0,0,0,0,0,0,0,0,0,0,0,0
D,Thomas,4.0,4.0,Burnley,0,0,0,0,0,0,0,0,0,0,0,0
F,Zeqiri,4.5,4.5,Brighton,0,0,0,0,0,0,0,0,0,0,0,0
D,Karbownik,4.0,4.0,Brighton,0,0,0,0,0,0,0,0,0,0,0,0
M,Richards,4.5,4.5,Brighton,0,0,0,0,0,0,0,0,0,0,0,0
M,Caicedo,4.5,4.5,Brighton,0,0,0,0,0,0,0,0,0,0,0,0
D,Emerson,4.5,4.5,Chelsea,0,0,0,0,0,0,0,0,0,0,0,0
D,Hannam,4.0,4.0,Crystal Palace,0,0,0,0,0,0,0,0,0,0,0,0
M,Rak-Sakyi,4.5,4.5,Crystal Palace,0,0,0,0,0,0,0,0,0,0,0,0
F,Street,4.5,4.5,Crystal Palace,0,0,0,0,0,0,0,0,0,0,0,0
M,Banks,4.5,4.5,Crystal Palace,0,0,0,0,0,0,0,0,0,0,0,0
D,Branthwaite,4.0,4.0,Everton,0,0,0,0,0,0,0,0,0,0,0,0
F,Broadhead,4.5,4.5,Everton,0,0,0,0,0,0,0,0,0,0,0,0
D,Valery,4.0,4.0,Southampton,0,0,0,0,0,0,0,0,0,0,0,0
M,Cundle,4.5,4.5,Wolves,0,0,0,0,0,0,0,0,0,0,0,0
M,Campbell,4.5,4.5,Wolves,0,0,0,0,0,0,0,0,0,0,0,0
D,Marques,4.0,4.0,Wolves,0,0,0,0,0,0,0,0,0,0,0,0
F,Greenwood,4.5,4.5,Leeds,0,0,0,0,0,0,0,0,0,0,0,0
M,Summerville,4.5,4.5,Leeds,0,0,0,0,0,0,0,0,0,0,0,0
M,Forshaw,4.5,4.5,Leeds,0,0,0,0,0,0,0,0,0,0,0,0
M,Woodburn,4.5,4.5,Liverpool,0,0,0,0,0,0,0,0,0,0,0,0
D,Baptiste,4.0,4.0,West Ham,0,0,0,0,0,0,0,0,0,0,0,0
D,Varane,5.5,5.5,Man Utd,33,1.408,75,3.343,81,4.127,81,2.936,80,3.699,79,3.629
F,Roberts,99.9,99.9,Man City,0,0,0,0,0,0,0,0,0,0,0,0
D,Itakura,99.9,99.9,Man City,0,0,0,0,0,0,0,0,0,0,0,0
M,Herrera,99.9,99.9,Man City,0,0,0,0,0,0,0,0,0,0,0,0
D,Zappacosta,99.9,99.9,Chelsea,0,0,0,0,0,0,0,0,0,0,1,0.058
M,Baker,99.9,99.9,Chelsea,0,0,0,0,0,0,0,0,0,0,0,0
M,Musonda Jr.,99.9,99.9,Chelsea,0,0,0,0,0,0,0,0,0,0,0,0
D,Miazga,99.9,99.9,Chelsea,0,0,0,0,0,0,0,0,0,0,0,0
D,Baba,99.9,99.9,Chelsea,0,0,0,0,0,0,0,0,0,0,0,0
M,Bakayoko,99.9,99.9,Chelsea,0,0,0,0,0,0,0,0,0,0,0,0
M,Drinkwater,99.9,99.9,Chelsea,0,0,0,0,0,0,0,0,0,0,0,0
D,Carter-Vickers,99.9,99.9,Spurs,0,0,0,0,0,0,0,0,0,0,0,0
F,Clarke,99.9,99.9,Spurs,0,0,0,0,0,0,0,0,0,0,0,0
F,Percy Tau,99.9,99.9,Brighton,4,0.224,5,0.263,4,0.203,4,0.2,2,0.102,1,0.052
G,Walton,99.9,99.9,Brighton,0,0,0,0,0,0,0,0,0,0,0,0
D,van Hecke,99.9,99.9,Brighton,0,0,0,0,1,0.035,2,0.067,2,0.079,4,0.141
M,Baluta,99.9,99.9,Brighton,0,0,0,0,0,0,0,0,0,0,0,0
F,Locadia,99.9,99.9,Brighton,4,0.213,6,0.304,3,0.146,2,0.099,2,0.103,2,0.102
G,Lewis,99.9,99.9,Southampton,0,0,0,0,0,0,0,0,0,0,0,0
M,Stevens,99.9,99.9,Leeds,0,0,0,0,0,0,0,0,0,0,0,0
F,Gelhardt,99.9,99.9,Leeds,1,0.051,2,0.099,2,0.088,3,0.152,3,0.154,3,0.163
M,Gotts,99.9,99.9,Leeds,0,0,0,0,0,0,0,0,0,0,0,0
F,Valencia,99.9,99.9,Brentford,0,0,0,0,0,0,0,0,0,0,0,0
D,Jeanvier,99.9,99.9,Brentford,0,0,0,0,0,0,0,0,0,0,0,0
D,Racic,99.9,99.9,Brentford,0,0,0,0,0,0,0,0,0,0,0,0
D,Stevens,99.9,99.9,Brentford,0,0,0,0,0,0,0,0,0,0,0,0
G,Karius,99.9,99.9,Liverpool,0,0,0,0,0,0,0,0,0,0,0,0
F,Sheyi Ojo,99.9,99.9,Liverpool,0,0,0,0,0,0,0,0,0,0,0,0
D,Jones,99.9,99.9,Man Utd,0,0,0,0,0,0,0,0,0,0,0,0
F,Diallo,99.9,99.9,Man Utd,0,0,0,0,0,0,0,0,0,0,0,0
G,Lee Grant,99.9,99.9,Man Utd,0,0,0,0,0,0,0,0,0,0,0,0
G,Jakupovic,99.9,99.9,Leicester,0,0,0,0,0,0,0,0,0,0,0,0
D,Benkovic,99.9,99.9,Leicester,0,0,1,0.044,0,0,1,0.036,0,0,0,0
D,Nkounkou,99.9,99.9,Everton,0,0,0,0,0,0,1,0.031,2,0.092,1,0.022
F,Tosun,99.9,99.9,Everton,0,0,0,0,0,0,0,0,0,0,0,0
F,Kean,99.9,99.9,Everton,3,0.156,3,0.142,3,0.17,3,0.153,4,0.243,3,0.13
D,Buur,99.9,99.9,Wolves,0,0,0,0,0,0,0,0,0,0,0,0
M,Jordão,99.9,99.9,Wolves,0,0,0,0,0,0,0,0,0,0,0,0
F,Rafa Mir,99.9,99.9,Wolves,2,0.105,2,0.097,3,0.164,3,0.18,5,0.271,6,0.377
M,Ronan,99.9,99.9,Wolves,0,0,0,0,0,0,0,0,1,0.035,1,0.038
G,Martin,99.9,99.9,West Ham,0,0,0,0,0,0,0,0,0,0,0,0
F,Xande Silva,99.9,99.9,West Ham,0,0,0,0,0,0,0,0,0,0,0,0
M,Sibo,99.9,99.9,Watford,0,0,0,0,0,0,0,0,0,0,0,0
G,Elliot,99.9,99.9,Watford,0,0,0,0,0,0,0,0,0,0,0,0
D,Bushiri,99.9,99.9,Norwich,0,0,0,0,0,0,4,0.152,6,0.141,0,0
M,Trybull,99.9,99.9,Norwich,22,0.589,25,0.742,21,0.607,20,0.661,22,0.645,25,0.765
M,Adshead,99.9,99.9,Norwich,0,0,0,0,0,0,0,0,0,0,0,0
G,Oxborough,99.9,99.9,Norwich,0,0,0,0,0,0,0,0,0,0,0,0
D,Klose,99.9,99.9,Norwich,0,0,0,0,5,0.106,0,0,1,0.025,1,0.032
M,Sitti,99.9,99.9,Norwich,0,0,0,0,0,0,0,0,0,0,0,0
M,Clarke,99.9,99.9,Norwich,0,0,0,0,0,0,0,0,0,0,0,0
G,Matthews,99.9,99.9,Crystal Palace,0,0,0,0,0,0,0,0,1,0.042,2,0.077
G,Carson,99.9,99.9,Man City,0,0,0,0,0,0,0,0,0,0,0,0
M,Peart-Harris,99.9,99.9,Brentford,0,0,0,0,0,0,0,0,0,0,0,0
G,Bettinelli,99.9,99.9,Chelsea,0,0,0,0,0,0,0,0,0,0,0,0
D,Simeu,99.9,99.9,Southampton,0,0,0,0,0,0,0,0,0,0,0,0
D,McQueen,99.9,99.9,Southampton,0,0,0,0,0,0,0,0,0,0,0,0
G,Fernández,99.9,99.9,Brentford,0,0,0,0,0,0,0,0,0,0,0,0
M,Tufan,99.9,99.9,Watford,0,0,0,0,0,0,0,0,0,0,0,0
M,Tufan,99.9,99.9,Watford,0,0,0,0,0,0,0,0,0,0,0,0